Company,Location,Industry,Total_laid_off,percentage_laid_off,date,stage,country,funds_raised_millions
E Inc.,Toronto,Transportation,,,12/16/2022,Post-IPO,Canada,
Included Health,SF Bay Area,Healthcare,,0.06,7/25/2022,Series E,United States,272
&Open,Dublin,Marketing,9,0.09,11/17/2022,Series A,Ireland,35
#Paid,Toronto,Marketing,19,0.17,1/27/2023,Series B,Canada,21
100 Thieves,Los Angeles,Consumer,12,,7/13/2022,Series C,United States,120
100 Thieves,Los Angeles,Retail,,,1/10/2023,Series C,United States,120
10X Genomics,SF Bay Area,Healthcare,100,0.08,8/4/2022,Post-IPO,United States,242
1stdibs,New York City,Retail,70,0.17,4/2/2020,Series D,United States,253
2TM,Sao Paulo,Crypto,90,0.12,6/1/2022,Unknown,Brazil,250
2TM,Sao Paulo,Crypto,100,0.15,9/1/2022,Unknown,Brazil,250
2U,Washington D.C.,Education,,0.2,7/28/2022,Post-IPO,United States,426
54gene,Washington D.C.,Healthcare,95,0.3,8/29/2022,Series B,United States,44
5B Solar,Sydney,Energy,,0.25,6/3/2022,Series A,Australia,12
6sense,SF Bay Area,Sales,150,0.1,10/12/2022,Series E,United States,426
80 Acres Farms,Cincinnati,Food,,0.1,1/18/2023,Unknown,United States,275
8x8,SF Bay Area,Support,155,0.07,1/18/2023,Post-IPO,United States,253
8x8,SF Bay Area,Support,200,0.09,10/4/2022,Post-IPO,United States,253
98point6,Seattle,Healthcare,,0.1,7/21/2022,Series E,United States,247
99,Sao Paulo,Transportation,75,0.02,9/20/2022,Acquired,Brazil,244
Abra,SF Bay Area,Crypto,12,0.05,6/30/2022,Series C,United States,106
Absci,Vancouver,Healthcare,40,,8/9/2022,Post-IPO,United States,237
Acast,Stockholm,Media,70,0.15,9/15/2022,Post-IPO,Sweden,126
Accolade,Seattle,Healthcare,,,3/3/2023,Post-IPO,United States,458
Acko,Mumbai,Finance,45,0.09,4/1/2020,Unknown,India,143
Acorns,Portland,Finance,50,,5/26/2020,Unknown,United States,207
Actifio,Boston,Data,54,,12/16/2020,Acquired,United States,352
ActiveCampaign,Chicago,Marketing,,0.15,10/3/2022,Series C,United States,360
Ada,Toronto,Support,,,2/1/2023,Series C,Canada,190
Ada,Toronto,Support,78,0.16,9/20/2022,Series C,Canada,190
Ada Health,Berlin,Healthcare,50,,10/17/2022,Series B,Germany,189
Ada Support,Toronto,Support,36,0.23,4/24/2020,Series B,Canada,60
Adaptive Biotechnologies,Seattle,Healthcare,100,0.12,3/8/2022,Post-IPO,United States,406
Adara,SF Bay Area,Travel,,,3/31/2020,Series C,United States,67
Addepar,SF Bay Area,Finance,20,0.03,1/18/2023,Series F,United States,491
Addi,Bogota,Finance,,,6/14/2022,Series C,Colombia,376
Adobe,SF Bay Area,Marketing,100,,12/6/2022,Post-IPO,United States,2
AdRoll,Salt Lake City,Marketing,210,0.3,3/31/2020,Series C,United States,89
Advata,Seattle,Healthcare,32,0.21,10/28/2022,,United States,
Adwerx,Durham,Marketing,40,,7/7/2022,Unknown,United States,20
Affirm,SF Bay Area,Finance,,0.01,11/3/2022,Post-IPO,United States,1500
Affirm,SF Bay Area,Finance,500,0.19,2/8/2023,Post-IPO,United States,1500
Afterverse,Brasilia,Consumer,60,0.2,6/3/2022,Unknown,Brazil,
Agoda,Singapore,Travel,1500,0.25,5/18/2020,Acquired,Singapore,
Ahead,SF Bay Area,Healthcare,44,1,4/14/2022,Unknown,United States,9
Air,New York City,Marketing,,0.16,9/16/2020,Series A,United States,18
Airbnb,SF Bay Area,Travel,30,,3/3/2023,Post-IPO,United States,6400
Airbnb,SF Bay Area,Travel,1900,0.25,5/5/2020,Private Equity,United States,5400
Airlift,Lahore,Logistics,,0.31,5/25/2022,Series B,Pakistan,109
Airlift,Lahore,Logistics,,1,7/12/2022,Series B,Pakistan,109
AirMap,Los Angeles,Aerospace,,,4/30/2020,Unknown,United States,75
Airtable,SF Bay Area,Product,254,0.2,12/8/2022,Series F,United States,1400
Airtame,Copenhagen,Consumer,15,,6/15/2022,Unknown,Denmark,7
Airtasker,Sydney,Consumer,,,7/4/2022,Series C,Australia,26
Airtime,New York City,Consumer,30,0.2,5/23/2022,Series B,United States,33
Airy Rooms,Jakarta,Travel,,0.7,4/22/2020,Unknown,Indonesia,
Airy Rooms,Jakarta,Travel,,1,5/7/2020,Unknown,Indonesia,
Aiven,Helsinki,Infrastructure,,0.2,1/18/2023,Series D,Finland,420
Ajaib,Jakarta,Finance,67,0.08,11/28/2022,Unknown,Indonesia,245
Akerna,Denver,Logistics,,,5/27/2022,Unknown,United States,46
Akerna,Denver,Logistics,,,9/2/2020,Post-IPO,United States,
Akili Labs,Baltimore,Healthcare,46,0.3,1/12/2023,Seed,United States,
Akulaku,Jakarta,Finance,100,,4/15/2020,Series D,Indonesia,160
AlayaCare,Montreal,Healthcare,80,0.14,8/16/2022,Series D,Canada,293
Albert,Los Angeles,Finance,20,0.08,6/10/2022,Series C,United States,175
Alegion,Austin,Data,,,4/3/2020,Series A,United States,16
Alerzo,Ibadan,Retail,,,9/2/2022,Series B,Nigeria,16
Alerzo,Ibadan,Retail,400,,3/6/2023,Series B,Nigeria,16
Alice,Sao Paulo,Healthcare,63,,7/11/2022,Series C,Brazil,174
Alice,Sao Paulo,Healthcare,113,0.16,12/9/2022,Series C,Brazil,174
AliExpress Russia,Moscow,Retail,400,0.4,5/14/2022,Acquired,Russia,60
Allbirds,SF Bay Area,Retail,23,,7/28/2022,Post-IPO,United States,202
AllyO,SF Bay Area,HR,,,4/3/2020,Series B,United States,64
Almanac,SF Bay Area,Other,,,8/13/2022,Series A,United States,45
Alto Pharmacy,SF Bay Area,Healthcare,,,7/14/2022,Series E,United States,560
Alto Pharmacy,SF Bay Area,Healthcare,47,0.06,9/29/2020,Series D,United States,356
Amazon,Seattle,Retail,150,,10/28/2022,Post-IPO,United States,108
Amazon,Seattle,Retail,8000,0.02,1/4/2023,Post-IPO,United States,108
Amazon,Seattle,Retail,10000,0.03,11/16/2022,Post-IPO,United States,108
Amber Group,Hong Kong,Crypto,,0.1,9/9/2022,Series B,Hong Kong,328
Ambev Tech,Blumenau,Food,50,,3/2/2023,Acquired,Brazil,
Amdocs,St. Louis,Support,700,0.03,1/2/2023,Post-IPO,United States,
American Robotics,Boston,Other,50,0.65,1/17/2023,Acquired,United States,92
Amobee,SF Bay Area,Marketing,,,11/9/2022,Acquired,United States,72
Amount,Chicago,Finance,,0.18,6/27/2022,Unknown,United States,283
Amount,Chicago,Finance,130,0.25,2/27/2023,Unknown,United States,283
Amperity,Seattle,Marketing,13,0.03,8/20/2022,Series D,United States,187
Amplero,Seattle,Marketing,17,1,3/29/2020,Series B,United States,25
Anagram,Los Angeles,Healthcare,17,,4/3/2020,Series A,United States,14
Andela,New York City,Recruiting,135,0.1,5/5/2020,Series D,United States,181
AngelList,SF Bay Area,Recruiting,20,,3/31/2020,Series B,United States,26
Anodot,Tel Aviv,Data,35,0.27,7/6/2022,Series C,United States,64
Antidote Health,Tel Aviv,Healthcare,23,0.38,10/23/2022,Unknown,Israel,36
Anyvision,Tel Aviv,Security,,,3/19/2020,Series A,Israel,74
Anywell,Tel Aviv,Real Estate,11,,8/14/2022,Series A,Israel,15
Apartment List,SF Bay Area,Real Estate,29,0.1,8/31/2022,Series D,United States,169
Apeel Sciences,Santa Barbara,Food,,,7/11/2022,Series E,United States,640
Apollo,SF Bay Area,Product,,0.15,12/15/2022,Series D,United States,183
Apollo Insurance,Vancouver,Finance,,0.25,11/15/2022,Series B,Canada,11
App Annie,SF Bay Area,Data,80,0.18,4/28/2020,Unknown,United States,156
Appgate,Miami,Security,34,0.08,2/1/2023,Post-IPO,United States,
AppGate,Miami,Security,130,0.22,7/21/2022,Post-IPO,United States,
AppLovin,SF Bay Area,Marketing,300,0.12,6/27/2022,Post-IPO,United States,1600
ApplyBoard,Waterloo,Education,90,0.06,11/28/2022,Series D,Canada,483
Aqgromalin,Chennai,Food,80,0.3,6/20/2022,Unknown,India,12
Aqua Security,Boston,Security,65,0.1,12/5/2022,Series E,United States,265
Aqua Security,Tel Aviv,Security,24,0.09,4/1/2020,Series C,Israel,100
Arc,SF Bay Area,HR,13,,7/20/2022,Seed,United States,1
Arch Oncology,Brisbane,Healthcare,,1,1/13/2023,Series C,United States,155
Arch Oncology,St. Louis,Healthcare,,,2/22/2023,Series C,United States,155
Arete,Miami,Security,,,7/22/2022,Unknown,United States,
Argo AI,Munich,Transportation,100,,6/29/2020,Unknown,Germany,3600
Argo AI,Pittsburgh,Transportation,150,0.05,7/7/2022,Unknown,United States,3600
Argo AI,Pittsburgh,Transportation,173,,10/26/2022,Unknown,United States,3600
Argo AI,SF Bay Area,Transportation,259,,11/1/2022,Unknown,United States,3600
Argyle,New York City,Finance,20,0.07,8/26/2022,Series B,United States,78
Armis,SF Bay Area,Security,25,0.04,12/8/2022,Private Equity,United States,537
Arrival,London,Transportation,,,10/20/2022,Post-IPO,United Kingdom,629
Arrival,London,Transportation,,0.3,7/13/2022,Post-IPO,United Kingdom,629
Arrival,London,Transportation,800,0.5,1/30/2023,Post-IPO,United Kingdom,629
Arrive Logistics,Austin,Logistics,75,0.07,4/3/2020,Series B,United States,35
Article,Vancouver,Retail,216,0.17,8/4/2022,Series B,Canada,
Articulate,New York City,Education,38,,2/2/2023,Series A,United States,1500
Artnight,Berlin,Retail,26,0.36,8/31/2022,Unknown,Germany,
Asana,SF Bay Area,Other,180,0.09,11/15/2022,Post-IPO,United States,453
AskNicely,Portland,Support,,,4/7/2020,Series A,United States,15
Aspire,SF Bay Area,Marketing,23,,7/15/2022,Series A,United States,27
Assure,Salt Lake City,Finance,,1,11/23/2022,Seed,United States,2
Astra,SF Bay Area,Aerospace,,0.16,11/8/2022,Post-IPO,United States,300
Astra,SF Bay Area,Aerospace,40,0.25,4/5/2020,Unknown,United States,100
Astronomer,Cincinnati,Data,76,0.2,1/4/2023,Series C,United States,282
Atlanta Tech Village,Atlanta,Real Estate,,0.5,4/2/2020,Unknown,United States,
Atlas Obscura,New York City,Media,15,,6/18/2020,Series B,United States,32
Atlassian,Sydney,Other,500,0.05,3/6/2023,Post-IPO,Australia,210
AtoB,SF Bay Area,Finance,32,0.3,10/19/2022,Series B,United States,177
Atome,Singapore,Finance,,,10/6/2022,Unknown,Singapore,645
Atsu,Seattle,Infrastructure,6,1,4/10/2020,Unknown,United States,1
Attentive,New York City,Marketing,,0.15,1/5/2023,Series E,United States,863
AU10TIX,Tel Aviv,Security,19,0.09,1/31/2023,Unknown,Israel,80
Augury,New York City,Manufacturing,20,0.05,1/4/2023,Series E,United States,274
Aura,Boston,Security,70,0.09,6/23/2022,Series F,United States,500
Aura Financial,SF Bay Area,Finance,,,4/14/2020,Unknown,United States,584
Aura Financial,SF Bay Area,Finance,,1,1/11/2021,Unknown,United States,584
Autobooks,Detroit,Finance,,,12/10/2022,Series C,United States,97
Autodesk,SF Bay Area,Other,250,0.02,2/2/2023,Post-IPO,United States,
Autograph,Los Angeles,Crypto,,,12/16/2022,Series B,United States,205
Automatic,SF Bay Area,Transportation,,1,5/1/2020,Acquired,United States,24
Automation Anywhere,SF Bay Area,Other,260,0.1,4/27/2020,Series B,United States,840
Automox,Boulder,Infrastructure,,,6/13/2022,Series C,United States,152
Automox,Boulder,Infrastructure,,0.11,4/18/2022,Series C,United States,152
Avalara,Seattle,Finance,,,1/20/2023,Acquired,United States,341
Avantage Entertainment,Minneapolis,Media,5,0.2,4/3/2020,Unknown,United States,
AvantStay,Los Angeles,Travel,80,,6/29/2022,Unknown,United States,811
AvantStay,Los Angeles,Travel,144,0.22,11/9/2022,Private Equity,United States,686
Avast,Phoenix,Security,,0.25,11/10/2022,Unknown,United States,
Avo,Tel Aviv,Food,500,0.67,5/1/2022,Series B,Israel,45
Aware,Columbus,Security,,,1/6/2023,Series C,United States,88
Away,New York City,Retail,60,0.1,4/7/2020,Series D,United States,181
Awok,Dubai,Retail,,1,9/2/2020,Series A,United Arab Emirates,30
Aya,Toronto,Finance,5,0.25,11/19/2020,Seed,United States,3
B8ta,SF Bay Area,Retail,250,0.5,3/26/2020,Series C,United States,88
Babylon,London,Healthcare,100,,7/12/2022,Post-IPO,United Kingdom,1100
Back Market,Paris,Retail,93,0.13,12/23/2022,Series E,France,1000
Bakkt,Atlanta,Crypto,,0.15,12/8/2022,Post-IPO,United States,932
Bally's Interactive,Providence,,,0.15,1/18/2023,Post-IPO,United States,946
Balto,St. Louis,Sales,30,,6/22/2022,Series B,United States,51
Balto,St. Louis,Sales,35,,12/12/2022,Series B,United States,51
Bamboo Health,Louisville,Healthcare,52,,7/1/2022,Unknown,United States,
Banxa,Melbourne,Crypto,70,0.3,6/27/2022,Post-IPO,Australia,13
Baraja,Sydney,Transportation,,0.75,2/8/2023,Unknown,Australia,63
Bark,New York City,Retail,126,0.12,2/9/2023,Post-IPO,United States,
Baton,SF Bay Area,Transportation,16,0.25,6/29/2022,Series A,United States,13
Bcredi,Curitiba,Finance,,,3/27/2020,Series A,Brazil,
Beam Benefits,Columbus,Healthcare,31,0.08,2/8/2023,Series E,United States,168
Beamery,London,HR,,0.12,1/10/2023,Series D,United States,223
Beat,Athens,Transportation,,,11/8/2022,Series B,Greece,6
BeeTech,Sao Paulo,Finance,30,,4/10/2020,Series B,Brazil,14
Bench,Vancouver,Finance,47,0.1,3/27/2020,Series B,Canada,49
Benevity,Calgary,Other,137,0.14,1/18/2023,Unknown,Canada,69
Benitago Group,New York City,Retail,,0.14,11/4/2022,Series A,United States,380
Berkeley Lights,SF Bay Area,Healthcare,,0.12,8/9/2022,Post-IPO,United States,272
Berlin Brands Group,Berlin,Retail,100,0.1,6/10/2022,Unknown,Germany,1000
Bestow,Dallas,Finance,41,0.14,6/24/2022,Series C,United States,137
Better.com,New York City,Real Estate,,,4/19/2022,Unknown,United States,905
Better.com,New York City,Real Estate,,,8/26/2022,Unknown,United States,905
Better.com,New York City,Real Estate,900,0.09,12/1/2021,Unknown,United States,905
Better.com,New York City,Real Estate,3000,0.33,3/8/2022,Unknown,United States,905
BetterCloud,New York City,Security,,,5/13/2020,Series E,United States,111
Betterfly,Santiago,Healthcare,,0.3,1/18/2023,Series C,Chile,204
Betterfly,Santiago,Healthcare,30,,8/11/2022,Series C,Chile,204
Betterment,New York City,Finance,28,,2/15/2023,Series F,United States,435
Bevi,Boston,Food,30,0.2,3/27/2020,Series C,United States,60
Beyond Meat,Los Angeles,Food,40,,8/3/2022,Post-IPO,United States,122
Beyond Meat,Los Angeles,Food,200,0.19,10/14/2022,Post-IPO,United States,122
BeyondMinds,Tel Aviv,Data,65,1,5/23/2022,Series A,Israel,16
BharatAgri,Mumbai,Food,40,0.43,1/15/2023,Series A,India,21
Big Fish Games,Seattle,Media,250,,9/1/2020,Acquired,United States,95
BigBear.ai,Baltimore,Data,,0.07,9/8/2022,Post-IPO,United States,200
BigCommerce,Austin,Retail,180,0.13,12/15/2022,Post-IPO,United States,224
Bikayi,Bengaluru,Retail,,,7/28/2022,Series A,India,12
Bilibili,Shanghai,Media,,0.3,12/27/2022,Post-IPO,China,3700
BioMarin,SF Bay Area,Healthcare,120,0.04,10/7/2022,Post-IPO,United States,585
Bird,Los Angeles,Transportation,138,0.23,6/7/2022,Post-IPO,United States,783
Bird,Los Angeles,Transportation,406,0.3,3/27/2020,Series D,United States,623
Bitfarms,Quebec,Crypto,,,4/6/2020,Post-IPO,Canada,25
Bitfront,SF Bay Area,Crypto,,1,11/29/2022,Unknown,United States,
BitGo,SF Bay Area,Crypto,,0.12,4/17/2020,Series B,United States,69
BitMEX,Non-U.S.,Crypto,,0.3,11/2/2022,Seed,Seychelles,0
BitMEX,Non-U.S.,Crypto,75,0.25,4/4/2022,Seed,Seychelles,0
BitOasis,Dubai,Crypto,9,0.05,6/19/2022,Series B,United Arab Emirates,30
Bitpanda,Vienna,Crypto,270,0.27,6/24/2022,Series C,Austria,546
Bitrise,Budapest,Infrastructure,,0.14,9/14/2022,Series C,Hungary,83
BitSight,Tel Aviv,Security,40,,2/26/2023,Unknown,Israel,401
Bitso,Mexico City,Crypto,80,0.11,5/26/2022,Series C,Mexico,378
Bitso,Mexico City,Crypto,100,,11/29/2022,Series C,Mexico,378
BitTitan,Seattle,Data,70,0.27,11/18/2021,Acquired,United States,46
BitTorrent,SF Bay Area,Infrastructure,92,,1/20/2023,Acquired,United States,
Bittrex,Seattle,Crypto,80,,2/2/2023,Unknown,United States,
Bizongo,Mumbai,Logistics,140,,7/10/2020,Series C,India,70
Bizpay,Sydney,Finance,,0.3,5/4/2022,Unknown,Australia,45
Bizzabo,New York City,Marketing,100,0.37,12/1/2022,Series E,United States,194
Bizzabo,New York City,Marketing,120,0.3,7/5/2022,Series E,United States,194
Black Shark,Shenzen,Hardware,900,,1/13/2023,Unknown,China,
Blackbaud,Charleston,Other,500,0.14,,Post-IPO,United States,
BlackBuck,Bengaluru,Logistics,200,,4/17/2020,Series D,India,293
BlackLine,Los Angeles,Finance,95,0.05,12/8/2022,Private Equity,United States,220
Bleacher Report,London,Media,20,,9/11/2020,Acquired,United Kingdom,41
Blend,SF Bay Area,Finance,100,0.06,11/10/2022,Post-IPO,United States,665
Blend,SF Bay Area,Finance,200,0.1,4/19/2022,Post-IPO,United States,665
Blend,SF Bay Area,Finance,220,0.12,8/15/2022,Post-IPO,United States,665
Blend,SF Bay Area,Finance,340,0.28,1/10/2023,Post-IPO,United States,665
Blockchain.com,London,Crypto,110,0.28,1/12/2023,Series D,United Kingdom,490
Blockchain.com,London,Crypto,150,0.25,7/21/2022,Series D,United Kingdom,490
BlockFi,New York City,Crypto,,1,11/28/2022,Series E,United States,1000
BlockFi,New York City,Crypto,250,0.2,6/13/2022,Series E,United States,1000
BloomTech,SF Bay Area,Education,88,0.5,12/1/2022,Unknown,United States,
Blue Apron,New York City,Food,,0.1,12/8/2022,Post-IPO,United States,352
Blueground,New York City,Real Estate,130,0.25,3/27/2020,Series B,United States,77
BlueStacks,SF Bay Area,Other,60,,7/20/2022,Series C,United States,48
Blume Global,SF Bay Area,Logistics,30,0.1,3/30/2020,Unknown,United States,
Bluprint,Denver,Education,137,1,5/26/2020,Acquired,United States,108
BM Technologies,Philadelphia,Finance,,0.25,1/30/2023,Post-IPO,United States,
Bolt,Lagos,Transportation,17,,2/21/2023,Series F,Nigeria,
Bolt,SF Bay Area,Finance,50,0.1,1/24/2023,Series E,United States,1300
Bolt,SF Bay Area,Finance,240,0.27,5/25/2022,Series E,United States,1300
Bond,SF Bay Area,Finance,,,6/7/2022,Series A,United States,42
Bonsai,Toronto,Retail,29,0.34,4/26/2022,Series A,Canada,27
Bonsai,Toronto,Retail,30,0.55,6/20/2022,Series A,Canada,27
Bonterra,Austin,Other,140,0.1,1/13/2023,Unknown,United States,
BookClub,Salt Lake City,Education,12,0.25,5/31/2022,Series A,United States,26
Booking.com,Amsterdam,Travel,4375,0.25,7/30/2020,Acquired,Netherlands,
Booking.com,Grand Rapids,Travel,226,,11/1/2022,Acquired,United States,
BookMyShow,Mumbai,Consumer,270,0.18,5/28/2020,Unknown,India,224
Booksy,SF Bay Area,Consumer,200,,4/1/2020,Series B,United States,48
Booktopia,Sydney,Retail,,,6/28/2022,Series A,Australia,23
Booktopia,Sydney,Retail,30,,1/23/2023,Series A,Australia,23
Boosted Commerce,Los Angeles,Retail,,0.05,7/22/2022,Series B,United States,137
Boozt,Malmo,Retail,70,0.05,6/9/2022,Post-IPO,Sweden,56
Borrowell,Toronto,Finance,15,0.2,4/6/2020,Series B,Canada,72
Bossa Nova,SF Bay Area,Retail,,0.5,11/2/2020,Unknown,United States,102
Bossa Nova,SF Bay Area,Retail,61,,6/29/2020,Unknown,United States,102
Bounce,Bengaluru,Transportation,40,0.05,1/6/2023,Series D,India,214
Bounce,Bengaluru,Transportation,120,,3/19/2020,Series D,India,214
Bounce,Bengaluru,Transportation,130,0.22,6/29/2020,Series D,India,214
Bounce,Bengaluru,Transportation,200,0.4,2/22/2021,Series D,India,214
BounceX,New York City,Marketing,77,0.2,4/6/2020,Series B,United States,75
Brainbase,Los Angeles,Sales,,,7/28/2022,Series A,United States,12
Brainly,Krakow,Education,25,,11/6/2022,Series D,Poland,148
Branch,New York City,Retail,3,0.27,6/11/2020,Seed,United States,2
Branch Metrics,SF Bay Area,Marketing,100,0.2,4/7/2020,Series E,United States,367
Brave Care,Portland,Healthcare,40,0.33,9/6/2022,Series B,United States,42
Breathe,New Delhi,Healthcare,50,0.33,6/14/2022,Series A,India,6
Breather,Montreal,Real Estate,120,0.8,12/16/2020,Series D,Canada,131
Brex,SF Bay Area,Finance,62,0.15,5/29/2020,Series C,United States,732
Brex,SF Bay Area,Finance,136,0.11,10/11/2022,Series D,United States,1500
Bridge Connector,Nashville,Healthcare,154,1,11/17/2020,Series B,United States,45
Bridgit,Waterloo,Construction,13,0.13,12/6/2022,Series B,Canada,36
Bright Machines,SF Bay Area,Data,30,0.08,6/28/2022,Unknown,Israel,250
Bright Money,Bengaluru,Finance,100,0.5,7/15/2022,Series A,India,31
Brighte,Sydney,Energy,30,0.15,6/20/2022,Series C,Australia,145
Brighte,Sydney,Energy,58,,9/9/2022,Series C,Australia,145
Brightline,SF Bay Area,Healthcare,,0.2,11/1/2022,Series C,United States,212
Bringg,Tel Aviv,Logistics,10,0.1,4/21/2020,Series D,Israel,84
Britishvolt,London,Transportation,206,1,1/17/2023,Unknown,United Kingdom,2400
Briza,Toronto,Finance,26,0.4,12/20/2022,Series A,Canada,10
Brodmann17,Tel Aviv,Other,,1,12/9/2022,Series A,Israel,25
Bryter,Berlin,Product,100,0.3,7/13/2022,Series B,Germany,89
Buenbit,Buenos Aires,Crypto,80,0.45,5/23/2022,Series A,Argentina,11
Builder,Los Angeles,Product,39,0.14,6/4/2020,Series A,United States,29
Built In,Chicago,Recruiting,28,,4/10/2020,Series C,United States,29
Built In,Chicago,Recruiting,50,0.25,10/5/2022,Series C,United States,29
Bullhorn,Boston,Sales,100,,4/30/2020,Acquired,United States,32
Bullish,Hong Kong,Crypto,30,0.08,7/5/2022,Unknown,Hong Kong,300
Bungalow,SF Bay Area,Real Estate,70,,6/22/2022,Series C,United States,171
BusBud,Montreal,Transportation,23,0.32,4/6/2020,Series B,Canada,21
Buser,Sao Paulo,Transportation,160,0.3,12/8/2022,Series C,Brazil,138
Bustle Digital Group,New York City,Media,,0.08,2/1/2023,Series E,United States,80
Bustle Digital Group,New York City,Media,19,,4/3/2020,Series E,United States,80
Bustle Digital Group,New York City,Media,24,0.08,4/3/2020,Series E,United States,80
Butler Hospitality,New York City,Food,1000,1,7/8/2022,Series B,United States,50
Butterfly Network,Boston,Healthcare,,0.25,1/4/2023,Post-IPO,United States,530
Butterfly Network,New Haven,Healthcare,,0.1,8/2/2022,Post-IPO,United States,530
Button,New York City,Marketing,48,0.35,4/8/2020,Series C,United States,64
BUX,Amsterdam,Finance,,,1/22/2023,Series C,Netherlands,115
Buy.com / Rakuten,SF Bay Area,Retail,87,1,7/30/2020,Acquired,United States,42
Buzzer,New York City,Media,,0.2,6/20/2022,Unknown,United States,32
BuzzFeed,New York City,Media,180,0.12,12/6/2022,Post-IPO,United States,696
BVAccel,San Diego,Marketing,25,0.25,4/8/2020,Unknown,United States,
Bybit,Singapore,Crypto,,,6/20/2022,Unknown,Singapore,
Bybit,Singapore,Crypto,,0.3,12/3/2022,Unknown,Singapore,
Bybit,Singapore,Crypto,600,0.3,6/20/2022,Unknown,Singapore,
Byju's,Bengaluru,Education,1500,,2/2/2023,Private Equity,India,5500
Byju's,Bengaluru,Education,2500,0.05,10/12/2022,Private Equity,India,5500
Bytedance,Mumbai,Consumer,1800,,1/27/2021,Unknown,India,7400
ByteDance,Shanghai,Consumer,,0.1,1/3/2023,Unknown,China,9400
Bytedance,Shanghai,Consumer,150,,6/17/2022,Unknown,China,9400
Bytedance,Shanghai,Consumer,1800,,8/5/2021,Unknown,China,9400
Byton,SF Bay Area,Transportation,,,6/27/2020,Series C,United States,1200
C2FO,Kansas City,Finance,20,0.02,12/9/2022,Series H,United States,537
C6 Bank,Sao Paulo,Finance,,,2/6/2023,Unknown,Brazil,2300
C6 Bank,Sao Paulo,Finance,60,0.06,4/6/2020,Unknown,Brazil,
Cabin,SF Bay Area,Travel,,0.2,3/23/2020,Seed,United States,3
Cadre,New York City,Real Estate,28,0.25,5/11/2020,Series C,United States,133
Calibrate,New York City,Healthcare,156,0.24,7/8/2022,Series B,United States,127
Caliva,SF Bay Area,Retail,20,,3/30/2020,Series A,United States,75
Callisto Media,SF Bay Area,Media,,0.35,10/25/2022,Series D,United States,
Callisto Media,SF Bay Area,Media,140,0.35,7/21/2022,Series D,United States,
Calm,SF Bay Area,Healthcare,90,0.2,8/11/2022,Series C,United States,218
Cameo,Chicago,Consumer,80,,11/9/2022,Unknown,United States,165
Cameo,Chicago,Consumer,87,0.25,5/4/2022,Unknown,United States,165
Camp K12,Gurugram,Education,,0.7,1/23/2023,Series A,India,16
Candidate Labs,SF Bay Area,HR,,,9/21/2022,Seed,United States,5
Candy Digital,New York City,Crypto,33,0.33,11/28/2022,Series A,United States,100
Canoo,Los Angeles,Transportation,58,0.06,7/1/2022,Post-IPO,United States,300
Capillary,Bengaluru,Retail,,,4/2/2020,Private Equity,India,102
Capital One,Washington D.C.,Finance,1100,,1/19/2023,Post-IPO,United States,
Capiter,Cairo,Finance,,,9/9/2022,Series A,Egypt,33
Capitolis,New York City,Finance,,0.25,11/18/2022,Series D,United States,281
Capitolis,New York City,Finance,37,0.25,11/17/2022,Series D,United States,281
Capsule,New York City,Healthcare,,0.13,7/19/2022,Series D,United States,570
Captain Fresh,Bengaluru,Food,120,,1/15/2023,Series C,India,126
CaptivateIQ,SF Bay Area,Sales,31,0.1,11/15/2022,Series C,United States,164
Carbon,SF Bay Area,Hardware,,,10/26/2022,Series E,United States,683
Carbon Health,SF Bay Area,Healthcare,200,,1/6/2023,Series D,United States,522
Carbon Health,SF Bay Area,Healthcare,250,0.08,6/2/2022,Series D,United States,522
CarDekho,Gurugram,Transportation,,,8/3/2022,Series E,India,497
CarDekho,Gurugram,Transportation,200,,5/25/2020,Series D,India,247
Cardlytics,Atlanta,Marketing,51,,11/14/2022,Post-IPO,United States,212
Care.com,Boston,Consumer,81,,4/30/2020,Acquired,United States,156
Careem,Dubai,Transportation,536,0.31,5/4/2020,Acquired,United Arab Emirates,771
Career Karma,SF Bay Area,Education,22,,1/12/2023,Series B,United States,51
Career Karma,SF Bay Area,Education,60,0.33,7/28/2022,Series B,United States,51
CareerArc,Los Angeles,HR,,,1/6/2023,Private Equity,United States,30
CareRev,Los Angeles,Retail,,,1/25/2023,Series A,United States,51
CarGurus,Boston,Transportation,130,0.13,4/16/2020,Post-IPO,United States,1
Caribou,Washington D.C.,Finance,,,12/12/2022,Series C,United States,189
Carousell,Singapore,Retail,110,0.1,12/1/2022,Private Equity,Singapore,372
Cars24,Gurugram,Transportation,600,0.06,5/19/2022,Series G,India,1300
Carsome,Kuala Lumpur,Transportation,,0.1,9/30/2022,Series E,Malaysia,607
Cart.com,Austin,Retail,,,1/10/2023,Unknown,United States,383
Carta,SF Bay Area,Finance,161,0.16,4/15/2020,Series E,United States,447
Carta,SF Bay Area,HR,,0.1,1/11/2023,Series G,United States,1100
Carvana,Phoenix,Transportation,2500,0.12,5/10/2022,Post-IPO,United States,1600
Carvana,Phoenix,Transportation,,,1/13/2023,Post-IPO,United States,1600
Carvana,Phoenix,Transportation,1500,0.08,11/18/2022,Post-IPO,United States,1600
Carwow,London,Transportation,70,0.2,11/25/2022,Unknown,United Kingdom,157
Casavo,Milan,Real Estate,,0.3,2/13/2023,Unknown,Italy,708
Cashfree Payments,Bengaluru,Finance,100,,1/12/2023,Series B,India,41
Casper,New York City,Retail,,,9/14/2021,Post-IPO,United States,339
Casper,New York City,Retail,78,0.21,4/21/2020,Post-IPO,United States,339
Castlight Health,SF Bay Area,Healthcare,,0.13,5/4/2020,Post-IPO,United States,184
Catalant,Boston,Other,30,,3/30/2020,Series E,United States,110
Catalyst,New York City,Support,,,7/21/2022,Series B,United States,45
Catch.com.au,Melbourne,Retail,100,,2/6/2023,Acquired,Australia,80
Cazoo,London,Transportation,,,1/18/2023,Post-IPO,United Kingdom,2000
Cazoo,London,Transportation,750,0.15,6/7/2022,Post-IPO,United Kingdom,2000
Cedar,New York City,Healthcare,,0.24,7/7/2022,Series D,United States,351
Celsius,New York City,Crypto,150,0.25,7/3/2022,Series B,United States,864
Century Therapeutics,Philadelphia,Healthcare,,,1/9/2023,Post-IPO,United States,560
Cerebral,SF Bay Area,Healthcare,,,5/31/2022,Series C,United States,462
Cerebral,SF Bay Area,Healthcare,285,0.15,2/27/2023,Series C,United States,462
Cerebral,SF Bay Area,Healthcare,400,0.2,10/24/2022,Series C,United States,462
Chainalysis,New York City,Crypto,44,0.05,2/1/2023,Series F,United States,536
Change Invest,Amsterdam,Finance,,0.24,11/27/2022,Unknown,Netherlands,22
Change.org,SF Bay Area,Other,,0.19,7/28/2022,Series D,United States,72
Chargebee,SF Bay Area,Finance,142,0.1,11/2/2022,Series H,United States,468
Checkmarx,Tel Aviv,Security,,,5/18/2020,Acquired,Israel,92
Checkmarx,Tel Aviv,Security,100,0.1,11/2/2022,Series C,Israel,92
Checkout.com,London,Finance,100,0.05,9/13/2022,Series D,United Kingdom,1800
Checkr,SF Bay Area,HR,64,0.12,7/23/2020,Series D,United States,309
Cheddar,New York City,Media,,,4/24/2020,Acquired,United States,54
Cheetah,SF Bay Area,Food,,,10/25/2020,Series B,United States,67
Chef,Seattle,Infrastructure,,,10/8/2020,Acquired,United States,105
Chessable,London,Consumer,29,,7/4/2022,Acquired,United Kingdom,0
Chili Piper,New York City,Sales,58,,11/17/2022,Series B,United States,54
Chime,SF Bay Area,Finance,156,0.12,11/2/2022,Series G,United States,2300
Chipax,Santiago,Finance,,,11/11/2022,Seed,Chile,2
Chipper Cash,SF Bay Area,Finance,50,0.125,12/6/2022,Series C,United States,302
Chipper Cash,SF Bay Area,Finance,100,0.33,2/17/2023,Series C,United States,302
Chope,Singapore,Food,65,0.24,12/20/2022,Series E,Singapore,50
ChowNow,Los Angeles,Food,40,0.1,12/14/2022,Series C,United States,64
ChowNow,Los Angeles,Food,100,0.2,7/13/2022,Series C,United States,64
Chrono24,Karlsruhe,Retail,65,0.13,1/30/2023,Series C,Germany,205
Chrono24,Karlsruhe,Retail,80,,12/8/2022,Series C,Germany,205
CipherTrace,SF Bay Area,Crypto,,,4/9/2020,Unknown,United States,18
Circ,Berlin,Transportation,100,,6/2/2020,Acquired,Germany,55
CircleCI,SF Bay Area,Product,,0.17,12/7/2022,Series F,United States,315
CircleUp,SF Bay Area,Finance,,,7/13/2022,Series C,United States,53
Circulo Health,Columbus,Healthcare,,0.5,6/16/2022,Series A,United States,50
Cisco,SF Bay Area,Infrastructure,4100,0.05,11/16/2022,Post-IPO,United States,2
Citizen,New York City,Consumer,33,,1/11/2023,Series C,United States,133
Citrine Informatics,SF Bay Area,Data,22,0.27,1/20/2023,Series C,United States,64
Citrix,Miami,Infrastructure,,0.15,1/10/2023,Acquired,United States,20
CityMall,Gurugram,Retail,191,0.3,6/19/2022,Series C,India,112
Claravine,Salt Lake City,Marketing,,,3/31/2020,Seed,United States,4
Clari,SF Bay Area,Sales,20,,2/6/2023,Series F,United States,496
Clari,SF Bay Area,Sales,45,,8/31/2022,Series F,United States,496
Clarify Health,SF Bay Area,Healthcare,15,0.05,7/22/2022,Series D,United States,328
Classkick,Chicago,Education,,,8/1/2022,Seed,United States,1
ClassPass,New York City,Fitness,154,0.22,4/2/2020,Series E,United States,549
Clear,Bengaluru,Finance,190,0.2,9/16/2022,Series C,India,140
Clear Capital,Reno,Real Estate,250,0.25,1/25/2023,Unknown,United States,
Clear Capital,Reno,Real Estate,378,0.27,10/14/2022,Unknown,United States,
Clearbanc,Toronto,Finance,17,0.08,4/13/2020,Series B,Canada,119
Clearbit,SF Bay Area,Data,,,4/22/2020,Series A,United States,17
Clearco,Dublin,Finance,,,6/6/2022,Series C,Ireland,681
Clearco,Toronto,Fin-Tech,125,0.25,7/29/2022,Series C,Canada,681
ClearCo,Toronto,Finance,50,0.3,1/16/2023,Series C,Canada,698
Clearco,Toronto,Finance,60,,6/6/2022,Series C,Canada,681
Clever Real Estate,St. Louis,Real Estate,,,10/19/2022,Series B,United States,13
Clever Real Estate,St. Louis,Real Estate,,,3/25/2020,Series A,United States,5
CleverTap,Mumbai,Marketing,60,0.2,4/16/2020,Series C,India,76
ClickUp,San Diego,Other,60,0.07,5/23/2022,Series C,United States,537
Clinc,Ann Arbor,Support,40,0.32,4/9/2020,Series B,United States,59
Cloudera,SF Bay Area,Infrastructure,,,5/5/2020,Post-IPO,United States,1000
CloudFactory,Nairobi,Data,,0.12,11/9/2022,Private Equity,Kenya,78
Cloudinary,SF Bay Area,Media,40,0.08,11/14/2022,Unknown,United States,100
CloudKitchens,Los Angeles,Real Estate,,,11/3/2022,Unknown,United States,1300
Clubhouse,SF Bay Area,Consumer,,,6/3/2022,Series C,United States,110
Clue,Berlin,Healthcare,31,0.31,1/18/2023,Unknown,Germany,47
Clumio,SF Bay Area,Data,,,3/1/2021,Series C,United States,186
Clutch,Toronto,Transportation,76,0.22,6/29/2022,Series B,Canada,153
Clutch,Toronto,Transportation,150,,1/17/2023,Unknown,Canada,253
Clutter,Los Angeles,Consumer,,0.3,3/25/2020,Series D,United States,296
Clyde,New York City,Marketing,22,,4/25/2022,Series B,United States,58
CNET,SF Bay Area,Media,12,0.1,3/2/2023,Acquired,United States,20
CoachHub,Berlin,HR,,0.1,1/24/2023,Series C,Germany,332
Coda,SF Bay Area,Other,,,1/18/2023,Series D,United States,240
Code42,Minneapolis,Data,25,0.05,4/9/2020,Series B,United States,138
Code42,Minneapolis,Security,,0.15,11/7/2022,Unknown,United States,137
CodeCombat,SF Bay Area,Education,8,,10/23/2020,Series A,United States,8
Codexis,SF Bay Area,Healthcare,,0.18,11/29/2022,Post-IPO,United States,162
Coding Dojo,Seattle,Education,7,0.07,4/2/2020,Unknown,United States,2
Cogito,Boston,Support,24,0.14,4/6/2020,Series C,United States,92
Cognyte,Tel Aviv,Security,100,0.05,12/2/2022,Unknown,Israel,
Cohesity,SF Bay Area,Data,,,4/30/2020,Series E,United States,660
Coinbase,SF Bay Area,Crypto,60,,11/10/2022,Post-IPO,United States,549
Coinbase,SF Bay Area,Crypto,950,0.2,1/10/2023,Post-IPO,United States,549
Coinbase,SF Bay Area,Crypto,1100,0.18,6/14/2022,Post-IPO,United States,549
CoinDCX,Mumbai,Crypto,80,,1/11/2023,Series D,India,244
CoinFLEX,Victoria,Crypto,,,7/29/2022,Unknown,Seychelles,11
CoinJar,Melbourne,Crypto,10,0.2,11/29/2022,Unknown,Australia,1
Coinsquare,Toronto,Crypto,30,0.24,7/27/2022,Unknown,Canada,98
CoinTracker,SF Bay Area,Crypto,19,,1/28/2023,Series A,United States,101
Collective Health,SF Bay Area,Healthcare,54,,2/13/2023,Series F,United States,719
Collibra,Brussels,Data,,,10/19/2022,Series G,Belgium,596
Color Health,SF Bay Area,Healthcare,300,,3/1/2023,Series E,United States,482
Colossus,Boston,Energy,97,,5/4/2022,Series A,United States,41
CommentSold,Huntsville,Retail,,,6/29/2022,Unknown,United States,
CommerceHub,Albany,Retail,371,0.31,2/14/2023,Acquired,United States,
CommonBond,New York City,Finance,,1,9/9/2022,Series D,United States,125
CommonBond,New York City,Finance,22,,5/13/2022,Series D,United States,130
Community,Los Angeles,Marketing,40,0.3,6/21/2022,Unknown,United States,40
Compass,New York City,Real Estate,,,1/5/2023,Post-IPO,United States,1600
Compass,New York City,Real Estate,271,,9/20/2022,Post-IPO,United States,1600
Compass,New York City,Real Estate,375,0.15,3/23/2020,Series G,United States,1600
Compass,New York City,Real Estate,450,0.1,6/14/2022,Post-IPO,United States,1600
Compete,Tel Aviv,HR,11,0.28,9/12/2022,Series A,Israel,17
Confluent,SF Bay Area,Data,221,0.08,1/26/2023,Post-IPO,United States,455
Conga,Denver,Data,,0.11,6/15/2020,Acquired,United States,117
Connected,Toronto,Product,17,0.1,4/8/2020,Unknown,Canada,
ConsenSys,New York City,Crypto,91,0.14,4/20/2020,Unknown,United States,10
ConsenSys,New York City,Crypto,100,0.11,1/10/2023,Series D,United States,726
Consider.co,SF Bay Area,Other,13,1,3/26/2020,Seed,United States,5
ContaAzul,Joinville,Education,140,0.35,4/17/2020,Series D,Brazil,37
ContraFect,New York City,Healthcare,16,0.37,8/15/2022,Post-IPO,United States,380
Convene,New York City,Real Estate,,,12/10/2022,Unknown,United States,281
Convene,New York City,Real Estate,150,0.18,3/23/2020,Series D,United States,280
Convoy,Atlanta,Logistics,,,2/16/2023,Series E,United States,1100
Convoy,Seattle,Logistics,,,10/25/2022,Series E,United States,1100
Convoy,Seattle,Logistics,,0.01,4/23/2020,Series D,United States,665
Convoy,Seattle,Logistics,90,0.07,6/9/2022,Series E,United States,1100
Copper,SF Bay Area,Marketing,35,,4/2/2020,Series C,United States,102
Core Scientific,Austin,Crypto,,0.1,8/12/2022,Post-IPO,United States,169
Corvus Insurance,Boston,Finance,,0.14,1/24/2023,Series C,United States,160
CoSchedule,Bismarck,Marketing,,,1/13/2023,Unknown,United States,2
Cosuno,Berlin,Construction,,,7/14/2022,Series B,Germany,45
Coterie Insurance,Cincinnati,Finance,30,0.2,5/25/2022,Series B,United States,70
Coursera,SF Bay Area,Education,,,11/9/2022,Post-IPO,United States,458
Crayon,Boston,Marketing,20,0.2,4/1/2020,Series A,United States,16
CreateMe,SF Bay Area,Manufacturing,,,1/6/2023,Unknown,United States,
Credit Sesame,SF Bay Area,Finance,22,0.14,6/3/2020,Series F,United States,120
Creditas,Sao Paulo,Finance,,0.06,4/8/2020,Series D,Brazil,314
Crehana,Lima,Education,,,6/15/2022,Series B,Peru,93
Crejo.Fun,Bengaluru,Education,170,1,6/30/2022,Seed,India,3
Criteo,Paris,Marketing,,,2/21/2023,Post-IPO,France,61
CrowdRiff,Toronto,Marketing,,,4/16/2020,Series A,Canada,11
CrowdStreet,Portland,Real Estate,24,0.22,6/1/2020,Series C,United States,24
Cruise,SF Bay Area,Transportation,150,0.08,5/14/2020,Acquired,United States,5300
Crunchyroll,Tokyo,Media,85,,2/21/2023,Unknown,Japan,26
Crypto.com,Singapore,Crypto,,,8/16/2022,Unknown,Singapore,156
Crypto.com,Singapore,Crypto,,0.2,1/12/2023,Unknown,United States,
Crypto.com,Singapore,Crypto,260,0.05,6/10/2022,Unknown,Singapore,156
Crypto.com,Singapore,Crypto,2000,0.3,10/6/2022,Unknown,Singapore,156
CS Disco,Austin,Legal,62,0.09,1/19/2023,Post-IPO,United States,233
CTO.ai,Vancouver,Infrastructure,30,0.5,3/20/2020,Seed,Canada,7
Cue,San Diego,Healthcare,170,,6/27/2022,Post-IPO,United States,999
Cue,San Diego,Healthcare,388,,1/5/2023,Post-IPO,United States,999
Culture Amp,Melbourne,HR,36,0.08,5/28/2020,Series E,Australia,157
Culture Trip,London,Media,95,0.32,5/1/2020,Series B,United Kingdom,102
Curative,Los Angeles,Healthcare,109,,9/20/2022,Seed,United States,8
Curefit,Bengaluru,Fitness,120,,7/17/2020,Series D,India,405
CureFit,Bengaluru,Fitness,800,0.16,5/4/2020,Series D,India,404
Curology,SF Bay Area,Healthcare,150,,3/16/2022,Series D,United States,19
Currency,Los Angeles,Finance,,,4/1/2020,Unknown,United States,
Curve,London,Finance,65,0.1,6/1/2022,Series C,United Kingdom,182
Cuyana,SF Bay Area,Retail,,,3/30/2020,Series C,United States,31
Cvent,Washington D.C.,Marketing,400,0.1,5/21/2020,Acquired,United States,146
CyberCube,SF Bay Area,Finance,,,6/7/2022,Series B,United States,35
Cybereason,Boston,Security,100,0.06,6/1/2022,Series F,United States,750
Cybereason,Boston,Security,200,0.17,10/26/2022,Series F,United States,750
CyCognito,SF Bay Area,Security,30,0.15,12/8/2022,Series C,United States,153
Cypress.io,Atlanta,Product,,,1/18/2023,Series B,United States,54
Cyren,Washington D.C.,Security,121,,2/1/2023,Post-IPO,United States,161
Cyteir Therapeutics,Boston,Healthcare,,0.7,1/20/2023,Series C,United States,156
D2iQ,SF Bay Area,Infrastructure,34,0.13,4/3/2020,Series D,United States,247
D2L,Waterloo,Education,,0.05,11/16/2022,Post-IPO,Canada,168
Daily Harvest,New York City,Food,,0.15,8/8/2022,Series D,United States,120
Daily Harvest,New York City,Food,60,0.2,2/10/2022,Series D,United States,120
DailyPay,New York City,Finance,,0.15,8/9/2022,Unknown,United States,814
Daloopa,New Delhi,Data,40,,5/27/2022,Series A,India,23
Dance,Berlin,Transportation,,0.16,11/16/2022,Unknown,Germany,63
Daniel Wellington,Stockholm,Retail,200,0.15,6/9/2022,Unknown,Sweden,
Dapper Labs,Vancouver,Crypto,,0.2,2/23/2023,Series D,United States,607
Dapper Labs,Vancouver,Crypto,134,0.22,11/2/2022,Series D,United States,607
Daraz,Singapore,Retail,,0.11,2/6/2023,Unknown,Singapore,
Dark,SF Bay Area,Product,6,1,6/23/2020,Seed,United States,3
DataRails,Tel Aviv,Finance,30,0.18,12/5/2022,Series B,Israel,103
DataRobot,Boston,Data,,,8/8/2022,Series G,United States,1000
DataRobot,Boston,Data,,0.26,8/23/2022,Series G,United States,1000
DataRobot,Boston,Data,70,0.07,5/11/2022,Series G,United States,1000
DataRobot,Boston,Data,200,,3/27/2020,Series E,United States,430
DataStax,SF Bay Area,Data,15,,4/14/2020,Series E,United States,190
Datera,SF Bay Area,Infrastructure,,0.1,5/18/2020,Series C,United States,63
Datto,Norwalk,Infrastructure,,,5/12/2020,Acquired,United States,100
DayTwo,SF Bay Area,Healthcare,,,9/15/2022,Series B,United States,90
Dazn,London,Consumer,50,0.02,5/26/2022,Unknown,United Kingdom,
DealShare,Bengaluru,Retail,100,0.06,1/27/2023,Series E,India,390
Decent,SF Bay Area,Healthcare,,,1/27/2023,Series A,United States,18
Deep Instinct,New York City,Security,,0.1,6/6/2022,Series D,United States,259
Defined.ai,Seattle,Data,,,2/7/2022,Series B,United States,78
Definitive Healthcare,Boston,Healthcare,55,0.06,1/12/2023,Post-IPO,United States,
Degreed,SF Bay Area,Education,,0.15,6/29/2022,Series D,United States,411
DeHaat,Gurugram,Food,,,8/1/2022,Series D,India,194
DeHaat,Patna,Food,,0.05,1/15/2023,Series E,India,254
Deliv,SF Bay Area,Retail,669,1,5/13/2020,Series C,United States,80
Deliveroo,London,Food,350,0.09,2/9/2023,Post-IPO,United Kingdom,1700
Deliveroo,London,Food,367,0.15,4/28/2020,Series G,United Kingdom,1500
Deliveroo Australia,Melbourne,Food,120,1,11/15/2022,Post-IPO,Australia,1700
Delivery Hero,Berlin,Food,100,,11/3/2022,Post-IPO,Germany,8300
Delivery Hero,Berlin,Food,156,0.04,1/30/2023,Post-IPO,Germany,9900
Delivery Hero,Berlin,Food,300,,12/22/2021,Post-IPO,Germany,8300
Dell,Austin,Hardware,6650,0.05,2/6/2023,Post-IPO,United States,
Demandbase,SF Bay Area,Sales,27,0.03,9/7/2022,Series H,United States,143
Deputy,Sydney,HR,60,0.3,5/4/2020,Series B,Australia,106
Descartes Labs,Santa Fe,Data,12,0.16,6/2/2020,Series B,United States,58
Desktop Metal,Boston,Other,,,2/2/2023,Post-IPO,United States,811
Desktop Metal,Boston,Other,,,4/28/2020,Series E,United States,436
Desktop Metal,Boston,Other,,0.12,6/13/2022,Post-IPO,United States,811
Devo,Boston,Security,,0.15,11/21/2022,Series F,United States,481
DialSource,Sacramento,Marketing,5,0.14,3/31/2020,Series B,United States,26
Digimarc,Portland,Other,,,2/17/2023,Post-IPO,United States,105
Digital Currency Gruop,Stamford,Crypto,10,0.13,11/2/2022,Unknown,United States,
Digital Surge,Brisbane,Crypto,,1,12/9/2022,Unknown,Australia,
DigitalOcean,New York City,Infrastructure,200,0.11,2/15/2023,Post-IPO,United States,491
DISCO,Austin,Legal,75,,3/27/2020,Series E,United States,133
Dispatch,Boston,Other,,0.38,4/17/2020,Series A,United States,18
Divergent 3D,Los Angeles,Transportation,57,0.36,4/24/2020,Series B,United States,88
Divvy,Salt Lake City,Finance,,,5/19/2020,Series C,United States,252
Divvy Homes,SF Bay Area,Real Estate,,,2/15/2023,Series B,United States,180
Divvy Homes,SF Bay Area,Real Estate,,0.08,3/25/2020,Series B,United States,180
Divvy Homes,SF Bay Area,Real Estate,40,0.12,9/27/2022,Series B,United States,180
divvyDOSE,Davenport,Healthcare,62,,5/6/2022,Acquired,United States,0
DJI,SF Bay Area,Consumer,,,2/24/2021,Unknown,United States,105
DJI,Shenzen,Consumer,,,8/17/2020,Unknown,China,105
Dock,Sao Paulo,Finance,190,0.12,11/7/2022,Private Equity,Brazil,280
Docly,London,Healthcare,8,0.8,8/19/2020,Seed,United Kingdom,16
DocuSign,SF Bay Area,Sales,671,0.09,9/28/2022,Post-IPO,United States,536
DocuSign,SF Bay Area,Sales,680,0.1,2/16/2023,Post-IPO,United States,536
Doma,SF Bay Area,Finance,250,0.13,8/4/2022,Post-IPO,United States,679
Doma,SF Bay Area,Finance,310,0.15,5/10/2022,Post-IPO,United States,679
Doma,SF Bay Area,Finance,515,0.4,12/6/2022,Post-IPO,United States,679
Domestika,SF Bay Area,Education,150,0.19,4/28/2022,Series D,United States,130
Domino Data Lab,SF Bay Area,Data,,0.25,11/7/2022,Series F,United States,223
Domio,New York City,Real Estate,,0.5,11/18/2020,Series B,United States,116
Domio,New York City,Travel,,0.3,3/31/2020,Series B,United States,116
Domo,Salt Lake City,Data,90,0.1,4/9/2020,Post-IPO,United States,689
Dooly,Vancouver,Sales,12,,8/9/2022,Series B,Canada,102
DoorDash,SF Bay Area,Food,1250,0.06,11/30/2022,Post-IPO,United States,2500
Dotscience,London,Product,10,1,5/19/2020,Unknown,United Kingdom,
Dover,SF Bay Area,Recruiting,23,0.3,7/26/2022,Series A,United States,22
DraftKings,Boston,Consumer,140,0.04,2/1/2023,Post-IPO,United States,719
DreamBox Learning,Seattle,Education,,,9/9/2022,Acquired,United States,175
Drift,Boston,Marketing,59,,2/6/2023,Acquired,United States,107
Drip,Salt Lake City,Marketing,20,,3/23/2020,Acquired,United States,0
DriveWealth,Jersey City,Finance,,0.2,1/26/2023,Series D,United States,550
Drop,Toronto,Marketing,24,,11/1/2022,Series B,Canada,56
Dropbox,SF Bay Area,Other,315,0.15,1/13/2021,Post-IPO,United States,1700
DSCO,Salt Lake City,Retail,12,,4/3/2020,Series A,United States,4
Dude Solutions,Raleigh,Other,,0.2,4/15/2020,Acquired,United States,100
Dukaan,Bengaluru,Retail,23,,10/31/2022,Series A,India,17
Dunzo,Bengaluru,Food,,0.03,1/16/2023,Unknown,India,382
Dutchie,Bend,Other,50,0.07,6/6/2022,Series D,United States,603
DUX Education,Bengaluru,Education,,1,2/28/2023,Unknown,India,
Dynamic Signal,SF Bay Area,HR,35,0.19,4/2/2020,Series E,United States,114
Earnin,SF Bay Area,Finance,50,0.2,4/1/2020,Series C,United States,190
Earth Rides,Nashville,Transportation,,1,1/19/2023,Unknown,United States,2
EasyPost,Salt Lake City,Logistics,75,,3/11/2020,Series A,United States,12
EasyPost,SF Bay Area,Logistics,50,0.25,4/13/2020,Series A,United States,12
Eat Just,SF Bay Area,Food,40,,2/24/2023,Unknown,United States,465
Eatsy,Singapore,Food,20,1,8/8/2020,Seed,Singapore,1
Eaze,SF Bay Area,Consumer,25,,6/1/2022,Series D,United States,202
Ebanx,Curitiba,Finance,62,0.08,5/27/2020,Unknown,Brazil,30
Ebanx,Curitiba,Finance,340,0.2,6/21/2022,Series B,Brazil,460
eBay,SF Bay Area,Retail,500,0.04,2/7/2023,Post-IPO,United States,1200
Ecobee,Toronto,Energy,47,0.1,3/26/2020,Series C,Canada,149
Eden / Managed By Q,New York City,Real Estate,40,0.4,4/8/2020,Series B,United States,40
Edgio,Phoenix,Infrastructure,95,0.1,12/13/2022,Post-IPO,United States,462
Edifecs,Seattle,Healthcare,30,,1/20/2023,Unknown,United States,1
Editas Medicine,Boston,Healthcare,,0.2,1/9/2023,Post-IPO,United States,656
Edmodo,SF Bay Area,Education,,1,8/16/2022,Acquired,United States,77
eGym,Munich,Fitness,100,0.25,4/2/2020,Series D,Germany,109
Eight Sleep,New York City,Retail,,0.2,3/23/2020,Series C,United States,70
Ejento,SF Bay Area,Recruiting,84,1,3/19/2020,Unknown,United States,
Elastic,SF Bay Area,Data,,0.13,11/30/2022,Post-IPO,United States,162
Electric,New York City,Other,81,,8/30/2022,Series D,United States,212
Electric,New York City,Other,141,0.25,2/13/2023,Series D,United States,212
Electronic Arts,Baton Rouge,Consumer,200,,2/28/2023,Post-IPO,United States,2
Element,London,Other,,0.15,12/25/2022,Series B,United Kingdom,96
Element AI,Montreal,Other,62,0.15,5/4/2020,Series B,Canada,257
Element Analytics,SF Bay Area,Data,10,,3/25/2020,Series A,United States,22
Elementor,Tel Aviv,Media,60,0.15,6/15/2022,Unknown,Israel,65
Elemy,SF Bay Area,Healthcare,,,12/5/2022,Series B,United States,323
Elemy,SF Bay Area,Healthcare,,,7/18/2022,Series B,United States,323
Elinvar,Berlin,Finance,43,0.33,10/21/2022,Unknown,Germany,30
Elliptic,London,Crypto,,0.3,4/9/2020,Series B,United Kingdom,40
Embark,Boston,Healthcare,41,,1/11/2023,Series B,United States,94
Embark Trucks,SF Bay Area,Transportation,230,0.7,3/3/2023,Post-IPO,United States,317
Embroker,SF Bay Area,Finance,30,0.12,10/25/2022,Series C,United States,142
Emitwise,London,Energy,,,10/11/2022,Series A,United Kingdom,16
Emotive,Los Angeles,Marketing,30,0.18,7/7/2022,Series B,United States,78
EMX Digital,New York City,Marketing,100,1,2/13/2023,Unknown,United States,
Engine eCommerce,Fayetteville,Retail,,1,6/28/2020,Unknown,United States,4
Enjoei,Sao Paulo,Retail,31,0.1,1/20/2023,Unknown,Brazil,14
Enjoy,SF Bay Area,Retail,400,0.18,6/30/2022,Post-IPO,United States,310
Envato,Melbourne,Marketing,100,,6/2/2022,Unknown,Australia,
Envoy,SF Bay Area,HR,58,0.3,4/14/2020,Series B,United States,59
Equitybee,SF Bay Area,Finance,24,0.25,2/8/2023,Series B,United States,85
Equitybee,SF Bay Area,Finance,25,0.2,10/31/2022,Series B,United States,85
EquityZen,New York City,Finance,30,0.27,10/31/2022,Series B,United States,11
Ericsson,Stockholm,Other,8500,0.08,2/24/2023,Post-IPO,Sweden,663
Ermetic,SF Bay Area,Security,30,0.17,1/23/2023,Series B,United States,97
Eruditus,Mumbai,Education,40,,6/4/2022,Series E,India,1200
Esme Learning,Boston,Education,,,6/2/2022,Unknown,United States,37
Esper,Seattle,Other,,0.12,6/23/2022,Series A,United States,10
Esper,Seattle,Other,,0.21,1/10/2023,Series A,United States,10
Etermax,Buenos Aires,Other,40,,11/30/2022,Unknown,Argentina,
Ethos Life,SF Bay Area,Finance,18,0.14,6/5/2020,Series C,United States,106
Ethos Life,SF Bay Area,Finance,40,0.12,6/24/2022,Series D,United States,406
Ethos Life,SF Bay Area,Finance,50,,2/21/2023,Series D,United States,406
eToro,Tel Aviv,Finance,100,0.06,7/5/2022,Unknown,Israel,322
Eucalyptus,Sydney,Healthcare,50,0.2,7/22/2022,Series C,United States,69
Eventbrite,SF Bay Area,Consumer,80,0.08,2/28/2023,Post-IPO,United States,557
Eventbrite,SF Bay Area,Consumer,500,0.45,4/8/2020,Post-IPO,United States,332
EverBridge,Boston,Other,200,,11/8/2022,Post-IPO,United States,476
Everlane,SF Bay Area,Retail,30,0.17,1/5/2023,Unknown,United States,176
Everlane,SF Bay Area,Retail,227,,3/27/2020,Unknown,United States,18
Evernote,SF Bay Area,Consumer,129,,2/17/2023,Acquired,United States,290
EVgo,Los Angeles,Transportation,40,,2/23/2023,Post-IPO,United States,400
Exodus,Nebraska City,Crypto,59,0.22,11/4/2022,Unknown,United States,60
Exotel,Bengaluru,Support,142,0.15,1/17/2023,Series D,India,87
Expert360,Sydney,Recruiting,7,,8/11/2022,Series C,Australia,26
Exterro,Portland,Legal,24,0.03,2/1/2023,Private Equity,United States,100
ExtraHop,Seattle,Security,,,10/13/2022,Series C,United States,61
ExtraHop,Seattle,Security,,,4/22/2020,Series C,United States,61
ezCater,Boston,Food,400,0.44,4/7/2020,Series D,United States,319
F5,Seattle,Security,100,0.01,10/21/2022,Post-IPO,United States,
FabHotels,New Delhi,Travel,80,0.2,3/30/2020,Series B,India,48
Fabric,New York City,Logistics,120,0.4,7/13/2022,Series C,United States,336
Facily,Sao Paulo,Retail,260,0.3,4/20/2022,Series D,Brazil,502
Faire,SF Bay Area,Retail,84,0.07,10/18/2022,Series G,United States,1700
Fandom,SF Bay Area,Media,,,1/19/2023,Series E,United States,145
Fandom,SF Bay Area,Media,,0.14,4/30/2020,Series E,United States,145
Fareportal,Gurugram,Travel,200,,3/26/2020,Unknown,India,
FarEye,New Delhi,Logistics,90,,2/3/2023,Series E,India,150
FarEye,New Delhi,Logistics,250,0.3,6/10/2022,Series E,India,150
Fast,SF Bay Area,Finance,,1,4/5/2022,Series B,United States,124
Fate Therapeutics,San Diego,Healthcare,315,0.57,1/9/2023,Post-IPO,United States,1200
Favo,Sao Paulo,Food,170,,6/2/2022,Series A,Brazil,31
Faze Medicines,Boston,Healthcare,,1,11/9/2022,Series B,United States,81
Feather,New York City,Retail,,,6/24/2022,Unknown,United States,76
Feedzai,Coimbra,Finance,,,1/27/2023,Unknown,Portugal,273
Fifth Season,Pittsburgh,Food,100,1,10/28/2022,Series B,United States,35
Filevine,Salt Lake City,Legal,,,12/6/2022,Series D,United States,226
Finastra,Tel Aviv,Finance,,,1/25/2023,Unknown,Israel,
Finder,Sydney,Retail,,0.15,2/3/2023,Unknown,Australia,30
Finite State,Columbus,Security,16,0.2,6/17/2022,Series B,United States,49
Finleap Connect,Hamburg,Finance,14,0.1,6/30/2022,Series A,Germany,22
Fipola,Chennai,Food,,1,2/20/2023,Series A,United States,9
Fireblocks,New York City,Crypto,30,0.05,2/20/2023,Series E,United States,1000
Firebolt,Tel Aviv,Data,,,9/7/2022,Series C,Israel,264
FireHydrant,New York City,Infrastructure,,,12/8/2022,Series B,United States,32
Firework,SF Bay Area,Retail,,0.1,11/29/2022,Series B,United States,269
First AML,Auckland,Finance,,,10/6/2022,Series B,New Zealand,29
FiscalNote,Washington D.C.,Media,30,,4/2/2020,Series D,United States,50
Fishbrain,Stockholm,Consumer,,,1/17/2023,Unknown,United States,59
Fittr,Pune,Fitness,30,0.11,3/2/2023,Series A,India,13
Fiverr,Tel Aviv,Other,60,0.08,7/26/2022,Post-IPO,Israel,111
Fivetran,SF Bay Area,Data,,0.05,10/4/2022,Series D,United States,
Flash Coffee,Singapore,Food,,,11/22/2022,Series B,Singapore,57
Flatiron School,New York City,Education,100,,5/6/2020,Acquired,United States,15
Flexport,SF Bay Area,Logistics,640,0.2,1/11/2023,Series E,United States,2400
Flipboard,SF Bay Area,Media,24,0.21,10/16/2022,Unknown,United States,235
Flipkart,Bengaluru,Retail,,,3/2/2023,Acquired,India,12900
Flockjay,SF Bay Area,Education,37,0.5,8/24/2021,Series A,United States,14
FloQast,Los Angeles,Finance,,,4/10/2020,Series C,United States,119
Flowhub,Denver,Retail,,0.15,9/9/2022,Unknown,United States,45
Flowr,Toronto,Retail,,0.25,3/24/2020,Unknown,Canada,
Fluke,Sao Paulo,Other,83,0.82,8/17/2022,Seed,Brazil,
Flux Systems,London,Finance,,1,10/14/2022,Unknown,United Kingdom,9
Flyhomes,Seattle,Real Estate,200,0.2,7/20/2022,Series C,United States,310
Flyhomes,Seattle,Real Estate,300,0.4,11/9/2022,Series C,United States,310
Flymya,Yangon,Travel,200,0.33,4/1/2020,Unknown,Myanmar,
Flynote,Bengaluru,Travel,,,5/1/2020,Seed,India,1
Flytedesk,Boulder,Marketing,4,0.2,3/18/2020,Seed,United States,4
Flywheel Sports,New York City,Fitness,784,0.98,3/20/2020,Acquired,United States,120
Flywire,Boston,Finance,60,0.12,5/7/2020,Series E,United States,263
Food52,New York City,Food,,,4/17/2020,Acquired,United States,96
Food52,New York City,Food,20,0.1,4/8/2022,Acquired,United States,176
Food52,New York City,Food,21,0.15,6/3/2022,Acquired,United States,176
Foodpanda,Bucharest,Food,80,,5/26/2022,Acquired,Romania,749
Foodpanda,Singapore,Food,,,2/13/2023,Acquired,Singapore,749
Foodpanda,Singapore,Food,60,,9/7/2022,Acquired,Singapore,749
Foodsby,Minneapolis,Food,87,0.67,3/24/2020,Series B,United States,20
ForeScout,SF Bay Area,Security,100,0.1,1/10/2023,Post-IPO,United States,125
Foresight Insurance,SF Bay Area,Finance,,0.4,10/6/2022,Series B,United States,58
Forma.ai,Toronto,Sales,15,0.09,7/20/2022,Series B,Canada,58
Forto,Berlin,Logistics,60,0.08,11/11/2022,Series D,United States,593
Forward,SF Bay Area,Healthcare,,0.05,7/11/2022,Series D,United States,225
Forward,SF Bay Area,Healthcare,10,0.03,4/20/2020,Series C,United States,100
FourKites,Chicago,Logistics,60,0.08,8/11/2022,Series D,United States,201
Foxtrot,Chicago,Food,26,0.035,9/23/2022,Series C,United States,166
Fraazo,Mumbai,Food,150,,7/12/2022,Series B,India,63
Freetrade,London,Finance,45,0.15,6/10/2022,Unknown,United Kingdom,133
Frequency Therapeutics,Boston,Healthcare,,0.5,2/1/2023,Post-IPO,United States,76
Freshbooks,Toronto,Finance,38,0.09,4/21/2020,Series B,Canada,75
FreshDirect,Philadelphia,Food,40,,8/25/2022,Acquired,United States,280
Freshly,New York City,Food,,0.25,7/18/2022,Acquired,United States,107
Freshly,Phoenix,Food,329,,12/12/2022,Acquired,United States,107
Freshworks,SF Bay Area,Support,90,0.02,12/15/2022,Post-IPO,United States,484
Front,SF Bay Area,Support,,,9/28/2022,Series D,United States,203
Frontdesk,Milwaukee,Travel,35,0.16,4/10/2020,Unknown,United States,3
FrontRow,Bengaluru,Education,130,0.75,10/12/2022,Series A,India,17
FrontRow,Bengaluru,Education,145,0.3,5/27/2022,Series A,India,17
Frubana,Bogota,Food,,0.03,6/21/2022,Series C,Colombia,202
FuboTV,New York City,Media,,,8/2/2022,Post-IPO,United States,151
FullStory,Atlanta,Marketing,,,4/16/2020,Series C,United States,59
FullStory,Atlanta,Marketing,,0.12,9/13/2022,Unknown,United States,197
Fundbox,SF Bay Area,Finance,14,0.15,6/2/2020,Series C,United States,453
Fundbox,SF Bay Area,Finance,150,0.42,10/25/2022,Series D,United States,553
Funding Circle,SF Bay Area,Finance,85,,7/8/2020,Post-IPO,United States,746
Funding Societies,Singapore,Finance,65,0.18,4/16/2020,Series B,Singapore,42
Fungible,SF Bay Area,Crypto,,,8/29/2022,Series C,United States,310
Furlenco,Bengaluru,Retail,180,,3/26/2022,Series D,India,228
FutureLearn,London,Education,,,11/28/2022,Unknown,United Kingdom,50
G/O Media Group,New York City,Media,14,0.05,4/3/2020,Unknown,United States,
G2,Chicago,Marketing,17,0.05,6/30/2020,Series C,United States,101
Gather,SF Bay Area,Consumer,30,0.33,6/2/2022,Series B,United States,76
Gatherly,Atlanta,Marketing,,0.5,7/31/2022,,United States,
Gavelytics,Los Angeles,Legal,,1,6/30/2022,Seed,United States,5
Geekwire,Seattle,Media,5,0.31,4/10/2020,Unknown,United States,
Gem,SF Bay Area,Recruiting,100,0.33,11/1/2022,Series C,United States,148
Gemini,New York City,Crypto,,0.1,1/23/2023,Unknown,United States,423
Gemini,New York City,Crypto,100,0.1,6/2/2022,Unknown,United States,423
Gemini,New York City,Crypto,68,0.07,7/18/2022,Unknown,United States,423
Genesis,New York City,Crypto,52,0.2,8/17/2022,Series A,United States,
Genesis,New York City,Crypto,60,0.3,1/5/2023,Series A,United States,
Genius,New York City,Consumer,,,9/15/2021,Acquired,United States,78
Genome Medical,SF Bay Area,Healthcare,23,,9/8/2022,Series C,United States,120
Getaround,SF Bay Area,Transportation,,0.1,2/2/2023,Post-IPO,United States,948
Getaround,SF Bay Area,Transportation,100,0.25,3/27/2020,Series D,United States,403
Getir,Istanbul,Food,,0.14,5/25/2022,Series E,Turkey,1800
Getir,London,Food,,,2/13/2023,Series E,United Kingdom,1800
Getir,New York City,Food,100,,2/2/2023,Series E,United States,1800
GetNinjas,Sao Paulo,Consumer,11,0.1,4/8/2020,Series B,Brazil,16
Getta,Tel Aviv,Transportation,30,,5/31/2022,Series A,Israel,49
GetYourGuide,Berlin,Travel,90,0.17,10/14/2020,Series E,Germany,656
GitHub,SF Bay Area,Product,,0.1,2/9/2023,Acquired,United States,350
GitLab,SF Bay Area,Product,130,0.07,2/9/2023,Post-IPO,United States,413
Gitpod,Kiel,Product,21,0.28,1/24/2023,Series A,Germany,41
Give Legacy,Boston,Healthcare,,,6/24/2022,Series B,United States,45
Glassdoor,SF Bay Area,Recruiting,300,0.3,5/7/2020,Acquired,United States,204
Glints,Singapore,HR,198,0.18,12/8/2022,Series D,Singapore,82
Glitch,New York City,Product,18,0.36,5/21/2020,Series A,United States,30
GloriFi,Dallas,Finance,,1,11/21/2022,Unknown,United States,
Glossier,New York City,Consumer,80,0.33,1/26/2022,Series E,United States,266
Glossier,New York City,Retail,19,0.08,8/2/2022,Series E,United States,266
Glossier,New York City,Retail,150,0.38,8/7/2020,Series D,United States,186
Glovo,Barcelona,Food,250,0.06,1/30/2023,Acquired,Spain,1200
GOAT Group,Los Angeles,Retail,,,4/1/2020,Series D,United States,197
GoBear,Singapore,Finance,22,0.11,9/1/2020,Unknown,Singapore,97
GoBolt,Toronto,Logistics,55,0.05,1/10/2023,Series C,Canada,178
GoCanvas,Washington D.C.,Other,,,1/13/2023,Acquired,United States,21
GoCardless,London,Finance,,,4/24/2020,Series E,United Kingdom,122
GoDaddy,Austin,Marketing,451,0.06,6/24/2020,Post-IPO,United States,
GoDaddy,Phoenix,Marketing,530,0.08,2/8/2023,Post-IPO,United States,800
GoFundMe,SF Bay Area,Finance,94,0.12,10/26/2022,Series A,United States,
GoHealth,Chicago,Healthcare,800,0.2,8/9/2022,Post-IPO,United States,75
Gojek,Jakarta,Transportation,430,0.09,6/23/2020,Series F,Indonesia,4800
Gokada,Lagos,Transportation,20,,11/14/2022,Unknown,Nigeria,12
Gokada,Lagos,Transportation,54,,1/31/2023,Unknown,Nigeria,12
GoMechanic,Gurugram,Transportation,,0.7,1/17/2023,Series C,India,54
Gong,SF Bay Area,Sales,80,0.07,2/8/2023,Series E,United States,583
GoNuts,Mumbai,Media,,1,10/27/2022,Seed,India,
Goodfood,Calgary,Food,70,,4/7/2022,Post-IPO,Canada,16
GoodGood,Toronto,Retail,,1,11/23/2022,Seed,Canada,6
GoodRx,Los Angeles,Healthcare,140,0.16,8/31/2022,Post-IPO,United States,910
Google,SF Bay Area,Consumer,12000,0.06,1/20/2023,Post-IPO,United States,26
GoPro,SF Bay Area,Consumer,200,0.2,4/15/2020,Post-IPO,United States,288
Gopuff,Philadelphia,Food,100,,1/26/2022,Series H,United States,3400
Gopuff,Philadelphia,Food,250,,10/19/2022,Series H,United States,3400
Gopuff,Philadelphia,Food,450,0.03,3/29/2022,Series H,United States,3400
Gopuff,Philadelphia,Food,1500,0.1,7/12/2022,Series H,United States,3400
Gorillas,Berlin,Food,300,0.5,5/24/2022,Series C,Germany,1300
Gorillas,Berlin,Food,540,,7/3/2022,Series C,Germany,1300
GoSpotCheck,Denver,Retail,23,0.2,3/26/2020,Series B,United States,47
GoStudent,Vienna,Education,100,,12/14/2022,Series D,Austria,686
GoStudent,Vienna,Education,200,,9/8/2022,Series D,Austria,686
GoTo Group,Jakarta,Transportation,1300,0.12,11/10/2022,Post-IPO,Indonesia,1300
Grab,Singapore,Transportation,360,0.05,6/16/2020,Series I,Singapore,9900
Grailed,New York City,Retail,,,4/16/2020,Series A,United States,16
Gramophone,Indore,Food,75,,1/16/2023,Series B,India,17
Graphcore,Bristol,Data,,,9/27/2022,Unknown,United Kingdom,692
GrayMeta,Los Angeles,Data,20,0.4,3/23/2020,Unknown,United States,7
Green Labs,Seoul,Food,,,2/21/2023,Series C,South Korea,214
Greenhouse Software,New York City,Recruiting,120,0.28,4/17/2020,Series D,United States,110
Greenlight,Atlanta,Finance,104,0.21,1/12/2023,Series D,United States,556
Grin,Sacramento,Marketing,60,0.13,11/30/2022,Series B,United States,145
Group Nine Media,New York City,Media,50,0.07,4/7/2020,Unknown,United States,190
Groupon,Chicago,Retail,500,,1/30/2023,Post-IPO,United States,1400
Groupon,Chicago,Retail,500,0.15,8/8/2022,Post-IPO,United States,1400
Groupon,Chicago,Retail,2800,0.44,4/13/2020,Post-IPO,United States,1400
Grove Collaborative,SF Bay Area,Retail,,0.17,3/19/2022,Series E,United States,474
Grover,Berlin,Retail,40,0.1,12/7/2022,Unknown,United States,2300
GSR,Hong Kong,Crypto,,,10/11/2022,Unknown,Hong Kong,
Guardant Health,SF Bay Area,Healthcare,130,0.07,1/25/2023,Post-IPO,United States,550
Guidewire,SF Bay Area,Finance,,0.02,8/11/2022,Post-IPO,United States,24
GumGum,Los Angeles,Marketing,90,0.25,4/20/2020,Series D,United States,58
Gusto,SF Bay Area,HR,126,0.05,2/8/2023,Series E,United States,746
Gympass,Sao Paulo,Fitness,467,0.33,4/3/2020,Series D,Brazil,300
HackerEarth,SF Bay Area,HR,,0.08,2/14/2023,Series B,United States,11
Halcyon Health,New York City,Healthcare,,1,4/15/2022,Unknown,United States,2
Handshake,SF Bay Area,Recruiting,,,5/5/2020,Series C,United States,74
Happy Money,Los Angeles,Finance,158,0.34,11/30/2022,Series D,United States,191
Harappa,New Delhi,Education,60,0.3,1/3/2023,Acquired,India,
Hash,Sao Paulo,Finance,58,0.5,8/1/2022,Series C,Brazil,58
HashiCorp,SF Bay Area,Security,69,,1/11/2023,Post-IPO,United States,349
Haus,SF Bay Area,Food,,1,8/9/2022,Seed,United States,7
Havenly,Denver,Consumer,5,,7/1/2020,Series C,United States,58
Headspace,Los Angeles,Healthcare,50,0.04,12/14/2022,Unknown,United States,215
Health IQ,SF Bay Area,Healthcare,,,12/19/2022,Series D,United States,136
Healthcare.com,Miami,Healthcare,149,,8/3/2022,Series C,United States,244
HealthifyMe,Bengaluru,Fitness,150,,12/3/2022,Series C,India,100
HealthMatch,Sydney,Healthcare,18,0.5,6/28/2022,Series B,Australia,20
Hedvig,Stockholm,Finance,12,,9/1/2022,Series B,Sweden,67
HelloFresh,SF Bay Area,Food,611,,10/10/2022,Post-IPO,United States,367
Help Scout,Boston,Support,,,11/1/2022,Series B,United States,28
Help.com,Austin,Support,16,1,3/16/2020,Seed,United States,6
Her Campus Media,Boston,Media,10,0.18,6/10/2020,Unknown,United States,
Heroes,London,Retail,24,0.2,7/15/2022,Unknown,United States,265
Heycar,Berlin,Transportation,73,,1/27/2023,Unknown,Germany,
Hibob,Tel Aviv,HR,70,0.3,3/30/2020,Series A,Israel,45
HighRadius,Bengaluru,Finance,25,,11/9/2022,Series C,India,475
Highsnobiety,Berlin,Media,51,0.25,4/1/2020,Series A,Germany,9
Highspot,Seattle,Sales,100,0.1,2/2/2023,Series F,United States,644
Hipcamp,SF Bay Area,Travel,,0.6,4/20/2020,Series B,United States,41
Hippo Insurance,SF Bay Area,Finance,70,0.1,8/31/2022,Post-IPO,United States,1300
Hirect,Bengaluru,Recruiting,200,0.4,11/28/2022,Series A,India,
Hired,SF Bay Area,Recruiting,,,6/30/2020,Series D,United States,132
Hireology,Chicago,Recruiting,36,0.17,5/12/2020,Series D,United States,52
Hodlnaut,Singapore,Crypto,40,0.8,8/19/2022,Unknown,Singapore,
Hologram,Chicago,Infrastructure,80,0.4,6/9/2022,Series B,United States,82
Homebot,Denver,Real Estate,18,0.13,12/19/2022,Acquired,United States,4
Homebound,SF Bay Area,Real Estate,,,12/2/2022,Unknown,United States,128
HomeLight,SF Bay Area,Real Estate,,0.19,6/29/2022,Series D,United States,743
Homepoint,Phoenix,Real Estate,113,,11/17/2022,Post-IPO,United States,
Homeward,Austin,Real Estate,,0.2,8/10/2022,Series B,United States,160
Homeward,Austin,Real Estate,,0.25,11/16/2022,Unknown,United States,501
Homie,Salt Lake City,Real Estate,40,0.13,10/4/2022,Series B,United States,35
Homie,Salt Lake City,Real Estate,119,0.29,2/14/2022,Series B,United States,35
HOOQ,Singapore,Consumer,250,1,3/27/2020,Unknown,Singapore,95
Hootsuite,Vancouver,Marketing,50,0.05,11/1/2022,Series C,Canada,300
Hootsuite,Vancouver,Marketing,70,0.07,1/18/2023,Series C,Canada,300
Hootsuite,Vancouver,Marketing,400,0.3,8/9/2022,Series C,Canada,300
Hopin,London,Other,,0.17,11/16/2022,Series D,United Kingdom,1000
Hopin,London,Other,138,0.12,2/10/2022,Series D,United States,1000
Hopin,London,Other,242,0.29,7/11/2022,Series D,United Kingdom,1000
Hopper,Boston,Travel,,,4/6/2020,Series D,United States,183
HopSkipDrive,Los Angeles,Transportation,,,8/12/2020,Unknown,United States,45
HopSkipDrive,Los Angeles,Transportation,8,0.1,3/13/2020,Unknown,United States,45
Horizn Studios,Berlin,Travel,15,0.25,4/24/2020,Series B,Germany,30
Hotmart,Belo Horizonte,Marketing,227,0.12,10/20/2022,Series C,Brazil,127
Houzz,SF Bay Area,Consumer,95,0.08,12/7/2022,Series E,United States,613
Houzz,SF Bay Area,Consumer,155,0.1,4/21/2020,Series E,United States,613
Hoxhunt,Helsinki,Security,,,1/29/2023,Series B,Finland,43
HP,Tel Aviv,Hardware,100,,2/19/2023,Post-IPO,Israel,4200
Huawei,Shenzen,Hardware,,,10/16/2022,Unknown,China,
Hubba,Toronto,Retail,45,1,2/1/2021,Series B,Canada,61
HubHaus,SF Bay Area,Real Estate,,1,9/11/2020,Series A,United States,13
Hubilo,SF Bay Area,Marketing,45,0.12,7/12/2022,Series B,United States,153
Hubilo,SF Bay Area,Other,115,0.35,1/19/2023,Series B,United States,153
HubSpot,Boston,Marketing,500,0.07,1/31/2023,Post-IPO,United States,100
HuffPo,New York City,Media,47,,3/9/2021,Acquired,United States,37
HumanForest,London,Transportation,,,9/25/2020,Private Equity,United Kingdom,2
Humble,SF Bay Area,Media,10,,4/15/2022,Acquired,United States,4
Humu,SF Bay Area,HR,26,,4/2/2020,Series B,United States,40
Hunty,Bogota,HR,30,,6/14/2022,Seed,Colombia,6
Huobi,Beijing,Crypto,275,0.2,1/6/2023,Unknown,China,2
Huobi,Beijing,Crypto,300,0.3,6/28/2022,Unknown,China,2
Hydrow,Boston,Fitness,,0.35,7/18/2022,Series D,United States,269
Hydrow,Boston,Fitness,30,,1/19/2023,Series D,United States,269
Hyperscience,New York City,Data,100,0.25,3/3/2022,Series E,United States,289
IAM Robotics,Pittsburgh,Hardware,,,1/19/2023,Unknown,United States,21
IBM,New York City,Hardware,3900,0.02,1/25/2023,Post-IPO,United States,
Ibotta,Denver,Retail,87,0.15,4/7/2020,Series D,United States,85
Icertis,Seattle,Legal,,,1/19/2023,Unknown,United States,521
Icon,Austin,Construction,,,1/24/2023,Series B,United States,451
ID.me,Washington D.C.,Security,130,,6/7/2022,Unknown,United States,275
Ideoclick,Seattle,Retail,40,,5/4/2022,Series A,United States,7
iFit,Logan,Fitness,,,12/8/2021,Private Equity,United States,200
iFit,Logan,Fitness,,,2/25/2022,Private Equity,United States,200
iFit,Logan,Fitness,300,0.2,11/14/2022,Private Equity,United States,200
Iflix,Kuala Lumpur,Consumer,50,0.12,4/4/2020,Unknown,Malaysia,348
iFood,Sao Paulo,Food,355,0.06,3/1/2023,Subsidiary,Brazil,2100
Igenous,Seattle,Data,,,11/17/2020,Series C,United States,67
Ignite,SF Bay Area,Crypto,,0.5,7/11/2022,Series A,United States,9
Ignition,Sydney,Finance,,0.1,1/16/2023,Series C,Australia,74
Ike,SF Bay Area,Transportation,10,0.14,4/22/2020,Series A,United States,52
Illumina,San Diego,Healthcare,500,0.05,11/14/2022,Post-IPO,United States,28
Immersive Labs,Bristol,Security,38,0.1,8/30/2022,Series C,United Kingdom,123
Immutable,Sydney,Crypto,,0.11,2/22/2023,Series C,Australia,279
Immutable,Sydney,Crypto,20,0.06,7/26/2022,Series C,Australia,279
Impact.com,Los Angeles,Marketing,,0.1,8/25/2022,Private Equity,United States,361
Impala,London,Travel,30,0.35,6/1/2022,Series B,United Kingdom,32
Imperfect Foods,SF Bay Area,Food,,,9/22/2021,Series D,United States,229
Imperfect Foods,SF Bay Area,Food,50,,7/29/2022,Series D,United States,229
Impossible Foods,SF Bay Area,Food,50,0.06,10/6/2022,Series H,United States,1900
Impossible Foods copy,SF Bay Area,Food,140,0.2,1/30/2023,Series H,United States,1900
Improbable,London,Other,,0.1,12/16/2022,Unknown,United Kingdom,704
Incredible Health,SF Bay Area,Healthcare,9,0.4,4/1/2020,Series A,United States,15
InDebted,Sydney,Finance,40,0.17,7/26/2022,Series B,Australia,41
Indigo,Boston,Other,,,3/3/2023,Series F,United States.,1200
Indigo,Boston,Other,80,,2/9/2021,Series F,United States,1200
Industrious,New York City,Real Estate,90,0.2,4/2/2020,Series D,United States,222
Infarm,Berlin,Other,50,0.05,9/14/2022,Series D,Germany,604
Infarm,Berlin,Other,500,0.5,11/28/2022,Series D,Germany,604
Influitive,Toronto,Marketing,,,4/17/2020,Unknown,Canada,59
InfluxData,SF Bay Area,Data,65,0.27,11/10/2022,Series D,United States,119
Infogrid,London,Other,,,11/16/2022,Series A,United Kingdom,15
Informatica,SF Bay Area,Data,450,0.07,1/10/2023,Post-IPO,United States,
InfoSum,London,Security,20,0.12,10/19/2022,Series B,United Kingdom,88
Inmobi,Bengaluru,Marketing,50,,1/23/2023,Unknown,India,320
Innovaccer,SF Bay Area,Healthcare,90,0.08,9/1/2022,Series E,United States,379
Innovaccer,SF Bay Area,Healthcare,245,0.15,1/24/2023,Series E,United States,379
Innovid,New York City,Marketing,40,0.1,1/23/2023,Post-IPO,United States,295
Inscripta,Boulder,Healthcare,43,,12/8/2022,Series E,United States,459
Inspectify,Seattle,Real Estate,,,11/28/2022,Series A,United States,11
Inspirato,Denver,Travel,109,0.12,1/18/2023,Post-IPO,United States,179
Inspirato,Denver,Travel,130,0.22,3/16/2020,Series C,United States,79
Instacart,SF Bay Area,Food,,,9/24/2022,Unknown,United States,2900
Instacart,SF Bay Area,Food,1877,,1/21/2021,Unknown,United States,2400
Instamojo,Bengaluru,Finance,6,0.06,4/2/2020,Unknown,India,8
Instructure,Salt Lake City,Education,150,0.12,5/27/2020,Acquired,United States,89
Intapp,SF Bay Area,Legal,45,0.05,5/18/2020,Private Equity,United States,
Integral Ad Science,New York City,Marketing,70,0.1,5/14/2020,Acquired,United States,116
Integral Ad Science,New York City,Marketing,120,0.13,12/7/2022,Acquired,United States,116
Integrate.ai,Toronto,Support,26,,6/9/2020,Unknown,Canada,40
Intel,SF Bay Area,Hardware,201,,12/6/2022,Post-IPO,United States,12
Intel,SF Bay Area,Hardware,343,,1/30/2023,Post-IPO,United States,12
Intercom,SF Bay Area,Support,39,0.06,5/20/2020,Series D,United States,240
Intercom,SF Bay Area,Support,49,0.05,9/7/2022,Series D,United States,240
